{
  "model_info": {
    "epoch": 27,
    "phase": "A",
    "val_loss": 3.963676572311669e-05
  },
  "cross_aoi": {
    "hawaii": {
      "mean": 0.4757574096088969,
      "std": 0.5676753394395015,
      "min": 0.071309395134449,
      "max": 2.497467279434204,
      "median": 0.16542185842990875,
      "n": 17900,
      "p80": 0.8636127471923829,
      "p90": 1.5228610515594483
    },
    "la": {
      "mean": 0.4215015834431957,
      "std": 0.36906625859843456,
      "min": 0.08045341074466705,
      "max": 3.1887481212615967,
      "median": 0.2557104378938675,
      "n": 10800,
      "p80": 0.724562132358551,
      "p90": 0.9616447508335113
    },
    "pilbara": {
      "mean": 0.44564298401247054,
      "std": 0.2198547324920632,
      "min": 0.06445438414812088,
      "max": 1.462532639503479,
      "median": 0.42396385967731476,
      "n": 8500,
      "p80": 0.6299790143966675,
      "p90": 0.7310086846351623
    }
  },
  "roc_pr_all_methods": {
    "t_sar_jepa": {
      "coh_0.2": {
        "roc_auc": 0.7696257410305161,
        "pr_auc": 0.12784267602616825,
        "n_positive": 99,
        "n_total": 1900
      }
    },
    "rx": {
      "coh_0.2": {
        "roc_auc": 0.5058497243394523,
        "pr_auc": 0.05265629687315609,
        "n_positive": 99,
        "n_total": 1900
      }
    },
    "padim": {
      "coh_0.2": {
        "roc_auc": 0.5122210444253754,
        "pr_auc": 0.05224382147688273,
        "n_positive": 99,
        "n_total": 1900
      }
    },
    "linear_ar": {
      "coh_0.2": {
        "roc_auc": 0.4897896230489235,
        "pr_auc": 0.04826500254429386,
        "n_positive": 99,
        "n_total": 1900
      }
    },
    "lstm": {
      "coh_0.2": {
        "roc_auc": 0.4638752881395858,
        "pr_auc": 0.04724830742749965,
        "n_positive": 99,
        "n_total": 1900
      }
    }
  },
  "permutation_test": {
    "hawaii_P75": {
      "observed": 0.9977653631284916,
      "null_mean": 0.6399448044692738,
      "null_std": 0.008422156315714855,
      "p_value": 0.0,
      "ratio": 1.5591428450707863
    },
    "hawaii_P80": {
      "observed": 0.9986033519553073,
      "null_mean": 0.5482527932960893,
      "null_std": 0.01003636367333943,
      "p_value": 0.0,
      "ratio": 1.8214286624090243
    },
    "hawaii_P85": {
      "observed": 0.9977653631284916,
      "null_mean": 0.4405251396648045,
      "null_std": 0.012097152462079909,
      "p_value": 0.0,
      "ratio": 2.2649453420245007
    },
    "la_P75": {
      "observed": 0.997037037037037,
      "null_mean": 0.6398851851851852,
      "null_std": 0.010592915690488088,
      "p_value": 0.0,
      "ratio": 1.5581498995768917
    },
    "la_P80": {
      "observed": 0.9986111111111111,
      "null_mean": 0.5480351851851852,
      "null_std": 0.012820149687006644,
      "p_value": 0.0,
      "ratio": 1.822166054490959
    },
    "la_P85": {
      "observed": 0.9888888888888889,
      "null_mean": 0.43966419753086416,
      "null_std": 0.015120312900734746,
      "p_value": 0.0,
      "ratio": 2.249191302003774
    },
    "pilbara_P75": {
      "observed": 0.9510588235294117,
      "null_mean": 0.6620663529411766,
      "null_std": 0.011664145460715059,
      "p_value": 0.0,
      "ratio": 1.4365007665839071
    },
    "pilbara_P80": {
      "observed": 0.9358823529411765,
      "null_mean": 0.5809711764705883,
      "null_std": 0.014218405136887826,
      "p_value": 0.0,
      "ratio": 1.6108929166274322
    },
    "pilbara_P85": {
      "observed": 0.9168627450980392,
      "null_mean": 0.4880274509803922,
      "null_std": 0.01668605608022744,
      "p_value": 0.0,
      "ratio": 1.8787114193190675
    }
  },
  "threshold_sweep": {
    "P70": {
      "value": 0.5554517090320586,
      "n_flagged": 11160,
      "pct_flagged": 30.0
    },
    "P75": {
      "value": 0.6286003589630127,
      "n_flagged": 9300,
      "pct_flagged": 25.0
    },
    "P80": {
      "value": 0.713103997707367,
      "n_flagged": 7440,
      "pct_flagged": 20.0
    },
    "P85": {
      "value": 0.838708871603012,
      "n_flagged": 5580,
      "pct_flagged": 15.0
    },
    "P90": {
      "value": 1.1025527596473692,
      "n_flagged": 3720,
      "pct_flagged": 10.0
    }
  },
  "geometry": {
    "hawaii": {
      "satellite_spearman_r": 0.060912096941787855,
      "satellite_p_value": 3.449067772041733e-16,
      "transition_pearson_r": 0.012228685077402603,
      "transition_p_value": 0.10183258306540036,
      "unique_satellites": [
        "C10",
        "C13",
        "C14"
      ],
      "n_matched": 17900,
      "n_transitions": 400
    },
    "la": {
      "satellite_spearman_r": -0.1016214076940732,
      "satellite_p_value": 3.4239003100449644e-26,
      "transition_pearson_r": 0.2246904474161528,
      "transition_p_value": 1.1569960190371813e-123,
      "unique_satellites": [
        "C07",
        "C13",
        "C14"
      ],
      "n_matched": 10800,
      "n_transitions": 200
    },
    "pilbara": {
      "satellite_spearman_r": 0.043659447568380035,
      "satellite_p_value": 5.660600254299241e-05,
      "transition_pearson_r": -0.10286554165251471,
      "transition_p_value": 1.9517088763411413e-21,
      "unique_satellites": [
        "C09",
        "C10",
        "C14"
      ],
      "n_matched": 8500,
      "n_transitions": 3000
    }
  },
  "baseline_stats": {
    "rx": {
      "mean": 4.777881022688006,
      "std": 2.992278565850513,
      "min": 0.6899681637959367,
      "max": 13.220618750844888,
      "n": 37200
    },
    "padim": {
      "mean": 32.901091143602194,
      "std": 49.91279223707867,
      "min": 0.0016195534565639558,
      "max": 2688.986076718366,
      "n": 37200
    },
    "linear_ar": {
      "mean": 3.8970827720370345,
      "std": 0.041947246498103406,
      "min": 3.8720083236694336,
      "max": 5.0860676765441895,
      "n": 37200
    },
    "lstm": {
      "mean": 0.18977186389427672,
      "std": 0.1791791587327101,
      "min": 0.06755934655666351,
      "max": 3.1789064407348633,
      "n": 37200
    }
  }
}